verbo|traducao|exemplo|nivel
ankommen|chegar|Wann kommt der Zug an?|A1
antworten|responder|Bitte antworten Sie schnell.|A1
arbeiten|trabalhar|Ich arbeite von Montag bis Freitag.|A1
aufmachen|abrir|Kannst du bitte das Fenster aufmachen?|A1
aufstehen|levantar-se|Ich stehe jeden Morgen um 7 Uhr auf.|A1
ausfüllen|preencher|Bitte füllen Sie das Formular aus.|A1
aussehen|parecer, ter aparência de|Sie sieht müde aus.|A1
aussprechen|pronunciar|Wie spricht man dieses Wort aus?|A1
aussteigen|descer (de um veículo)|Wir müssen hier aussteigen.|A1
bezahlen|pagar|Ich möchte jetzt bezahlen.|A1
brauchen|precisar|Ich brauche Hilfe.|A1
bringen|trazer|Kannst du mir einen Kaffee bringen?|A1
buchstabieren|soletrar|Können Sie das bitte buchstabieren?|A1
duschen|tomar banho (chuveiro)|Ich dusche jeden Morgen.|A1
einkaufen|fazer compras|Ich gehe heute einkaufen.|A1
einladen|convidar|Ich lade dich zum Abendessen ein.|A1
einschlafen|adormecer|Ich bin spät eingeschlafen.|A1
einsteigen|entrar (em um veículo)|Bitte einsteigen!|A1
essen|comer|Was möchten Sie essen?|A1
fahren|dirigir, ir (de veículo)|Ich fahre mit dem Auto zur Arbeit.|A1
fernsehen|assistir TV|Am Abend sehe ich gern fern.|A1
finden|encontrar, achar|Ich finde den Schlüssel nicht.|A1
fliegen|voar, ir de avião|Wir fliegen nach Spanien.|A1
fotografieren|fotografar|Er fotografiert gern Landschaften.|A1
fragen|perguntar|Ich möchte dich etwas fragen.|A1
frühstücken|tomar café da manhã|Ich frühstücke um 8 Uhr.|A1
geben|dar|Kannst du mir bitte das Buch geben?|A1
gehen|ir|Wir gehen ins Kino.|A1
haben|ter|Ich habe ein neues Auto.|A1
halten|segurar, parar, manter|Halten Sie hier bitte an.|A1
heißen|chamar-se|Wie heißen Sie?|A1
heizen|aquecer|Im Winter müssen wir die Wohnung heizen.|A1
holen|buscar, pegar|Ich muss die Kinder aus der Schule holen.|A1
hören|ouvir|Hörst du die Musik?|A1
kaufen|comprar|Was möchtest du kaufen?|A1
kochen|cozinhar|Ich koche heute Abend Suppe.|A1
kommen|vir, chegar|Woher kommen Sie?|A1
können|poder, saber (fazer algo)|Kannst du mir helfen?|A1
kosten|custar|Wie viel kostet das?|A1
krank|doente (usado com sein)|Ich bin krank.|A1
küssen|beijar|Er küsst seine Freundin.|A1
lachen|rir|Sie lachen über den Witz.|A1
laufen|correr, andar|Die Kinder laufen im Garten.|A1
leben|viver|Ich lebe in Deutschland.|A1
legen|colocar (deitado)|Lege das Buch auf den Tisch.|A1
lesen|ler|Ich lese gern Bücher.|A1
lieben|amar|Ich liebe dich.|A1
liegen|estar (deitado)|Das Buch liegt auf dem Tisch.|A1
lösen|resolver|Kannst du die Aufgabe lösen?|A1
machen|fazer|Was machst du heute Abend?|A1
markieren|marcar|Bitte markieren Sie die richtige Antwort.|A1
müssen|ter que, dever|Ich muss jetzt gehen.|A1
nehmen|pegar, tomar|Nehmen Sie Platz.|A1
notieren|anotar|Bitte notieren Sie die Adresse.|A1
organisieren|organizar|Wir müssen eine Party organisieren.|A1
packen|arrumar as malas, empacotar|Ich muss meine Koffer packen.|A1
parken|estacionar|Hier dürfen Sie nicht parken.|A1
passen|servir, caber|Die Hose passt mir nicht mehr.|A1
planen|planejar|Wir planen unseren Urlaub.|A1
probieren|experimentar, provar|Möchtest du den Kuchen probieren?|A1
putzen|limpar, escovar|Ich putze meine Zähne jeden Morgen.|A1
radieren|apagar (com borracha)|Ich habe einen Fehler gemacht und muss radieren.|A1
rauchen|fumar|Rauchen ist hier verboten.|A1
rasieren|barbear|Er rasiert sich jeden Morgen.|A1
regnen|chover|Es regnet heute den ganzen Tag.|A1
reparieren|reparar, consertar|Kannst du mein Fahrrad reparieren?|A1
reservieren|reservar|Ich möchte einen Tisch reservieren.|A1
rühren|mexer, agitar|Bitte rühren Sie den Zucker in den Kaffee.|A1
rufen|chamar, gritar|Ich rufe dich später an.|A1
sagen|dizer|Was hast du gesagt?|A1
sammeln|colecionar, recolher|Ich sammle Briefmarken.|A1
schauen|olhar|Schau mal! Ein Vogel!|A1
schenken|presentear, dar de presente|Ich schenke dir ein Buch.|A1
schießen|atirar|Er schießt auf das Tor.|A1
schlafen|dormir|Ich schlafe sieben Stunden pro Nacht.|A1
schließen|fechar|Bitte schließen Sie die Tür.|A1
schmecken|ter gosto, provar (sabor)|Der Kuchen schmeckt gut.|A1
schneiden|cortar|Kannst du das Brot schneiden?|A1
schneien|nevar|Es schneit im Winter oft.|A1
schreiben|escrever|Ich schreibe einen Brief.|A1
schwimmen|nadar|Ich schwimme gern im See.|A1
sehen|ver|Ich sehe dich.|A1
sein|ser, estar|Ich bin müde.|A1
senden|enviar, transmitir|Wir senden Ihnen eine E-Mail.|A1
sitzen|sentar, estar sentado|Er sitzt auf dem Stuhl.|A1
singen|cantar|Sie singt sehr schön.|A1
spazieren|passear|Wir gehen gern spazieren.|A1
spielen|brincar, jogar, tocar|Die Kinder spielen im Garten.|A1
spülen|lavar (louça)|Ich muss noch das Geschirr spülen.|A1
starten|começar, iniciar|Der Flug startet um 10 Uhr.|A1
stehen|estar (em pé), ficar|Die Tasse steht auf dem Tisch.|A1
stoppen|parar|Bitte stoppen Sie das Auto hier.|A1
studieren|estudar (nível superior)|Sie studiert Medizin an der Universität.|A1
tanzen|dançar|Möchtest du tanzen gehen?|A1
telefonieren|telefonar|Ich muss telefonieren.|A1
tragen|carregar, usar (roupa)|Sie trägt einen roten Pullover.|A1
treiben|praticar (esporte)|Er treibt viel Sport.|A1
trinken|beber|Was möchten Sie trinken?|A1
verstehen|entender|Ich verstehe das nicht.|A1
vorstellen|apresentar (se), imaginar|Darf ich mich vorstellen?|A1
abfliegen|decolar, partir (avião)|Das Flugzeug ist pünktlich abgeflogen.|A2
abmelden|desinscrever-se, cancelar (registro)|Ich muss mich vom Kurs abmelden.|A2
abtrocknen|secar (com toalha)|Bitte trockne das Geschirr ab.|A2
anziehen|vestir|Zieh dir eine Jacke an, es ist kalt.|A2
anzünden|acender|Kannst du bitte die Kerze anzünden?|A2
aufwachen|acordar|Ich bin um 6 Uhr aufgewacht.|A2
baden|tomar banho (banheira), banhar-se|Ich bade gerne im Meer.|A2
backen|assar|Sie backt einen Kuchen für die Party.|A2
basteln|fazer trabalhos manuais, artesanato|Die Kinder basteln ein Geschenk.|A2
beantworten|responder|Bitte beantworten Sie die Frage.|A2
beeilen (sich)|apressar-se|Wir müssen uns beeilen!|A2
bekommen|receber, obter|Ich habe einen Brief bekommen.|A2
benutzen|usar, utilizar|Darf ich dein Handy benutzen?|A2
berichten|relatar|Er berichtet über die Neuigkeiten.|A2
bitten|pedir, solicitar|Ich bitte dich um Hilfe.|A2
bleiben|ficar, permanecer|Bleibst du heute zu Hause?|A2
braten|fritar, assar (carne)|Ich brate Hähnchen in der Pfanne.|A2
bügeln|passar (roupa)|Ich muss noch meine Hemden bügeln.|A2
danken|agradecer|Ich danke dir für deine Hilfe.|A2
einfügen|inserir, encaixar|Fügen Sie den Text hier ein.|A2
einzahlen|depositar (dinheiro)|Ich möchte Geld auf mein Konto einzahlen.|A2
erinnern (sich)|lembrar-se de|Ich kann mich nicht daran erinnern.|A2
erholen (sich)|descansar, recuperar-se|Ich muss mich von der Arbeit erholen.|A2
erklären|explicar|Können Sie das bitte erklären?|A2
erwarten|esperar (por algo/alguém)|Ich erwarte einen Anruf.|A2
falsch|errado (usado com sein)|Das ist falsch.|A2
faxen|enviar por fax|Ich muss das Dokument faxen.|A2
feiern|celebrar, festejar|Wir feiern heute meinen Geburtstag.|A2
fühlen (sich)|sentir-se|Wie fühlen Sie sich heute?|A2
gefallen|agradar, gostar de|Die neue Wohnung gefällt mir sehr gut.|A2
gehören|pertencer|Wem gehört dieses Buch?|A2
grillen|grelhar|Wir grillen heute Abend im Garten.|A2
hängen|pendurar, estar pendurado|Das Bild hängt an der Wand.|A2
heiraten|casar-se|Sie heiraten nächsten Sommer.|A2
helfen|ajudar|Kann ich Ihnen helfen?|A2
husten|tossir|Er hustet die ganze Nacht.|A2
interessieren (sich)|interessar-se por|Ich interessiere mich für Sprachen.|A2
joggen|correr (fazer jogging)|Ich jogge jeden Morgen im Park.|A2
kämmen|pentear|Sie kämmt sich die Haare.|A2
kennen|conhecer|Ich kenne diesen Mann nicht.|A2
kennenlernen|conhecer (alguém pela primeira vez)|Ich möchte neue Leute kennenlernen.|A2
klicken|clicar|Klicken Sie hier, um das Dokument zu öffnen.|A2
klingeln|tocar (campainha, telefone)|Es klingelt an der Tür.|A2
klopfen|bater (na porta)|Jemand klopft an die Tür.|A2
kopieren|copiar|Kannst du dieses Dokument kopieren?|A2
korrigieren|corrigir|Der Lehrer korrigiert die Fehler.|A2
kostenlos|de graça, gratuito (usado como adjetivo, mas pode implicar ação)|Das Parken ist kostenlos.|A2
kriegen|conseguir, pegar (coloquial)|Wo kriege ich Fahrkarten?|A2
kühl|fresco, frio (usado com sein para estado)|Es ist heute kühl.|A2
lassen|deixar, permitir|Lass mich in Ruhe!|A2
leihen|emprestar|Kannst du mir dein Buch leihen?|A2
löschen|apagar, deletar, extinguir|Löschen Sie die Datei.|A2
markieren|marcar|Bitte markieren Sie die richtige Antwort.|A2
mailen (e-mailen)|enviar por e-mail|Ich maile dir die Informationen.|A2
meinen|achar, querer dizer|Was meinst du dazu?|A2
merken|notar, perceber, gravar|Merk dir das Datum.|A2
mieten|alugar|Wir wollen eine Wohnung mieten.|A2
mischen|misturar|Mischen Sie die Zutaten gut.|A2
mitbringen|trazer (consigo)|Bringst du etwas zu essen mit?|A2
mögen|gostar (de pessoas/coisas)|Ich mag Schokolade.|A2
operieren|operar|Der Arzt muss ihn operieren.|A2
ordnen|ordenar, arrumar|Bitte ordne die Bücher im Regal.|A2
packen|empacotar, pegar (algo)|Ich muss meine Tasche packen.|A2
passieren|acontecer|Was ist passiert?|A2
probieren|experimentar, provar|Möchten Sie dieses Gericht probieren?|A2
putzen|limpar, escovar|Ich muss noch das Bad putzen.|A2
reagieren|reagir|Wie hat er reagiert?|A2
rennen|correr, disparar|Die Kinder rennen auf dem Spielplatz.|A2
rufen|chamar, ligar (telef.)|Ich rufe dich später an.|A2
sammeln|colecionar, juntar|Er sammelt alte Münzen.|A2
saugen|aspirar (pó)|Ich muss heute noch staubsaugen.|A2
schneiden|cortar|Bitte schneide das Gemüse.|A2
setzen (sich)|sentar-se|Setz dich bitte auf den Stuhl.|A2
spazieren|passear (ver também: spazieren gehen)|Wir gehen oft spazieren.|A2
speichern|salvar, armazenar|Vergiss nicht, die Datei zu speichern.|A2
springen|pular|Die Kinder springen auf dem Trampolin.|A2
stecken|enfiar, colocar|Steck den Schlüssel in die Tasche.|A2
stellen|colocar (em pé)|Stell die Flasche auf den Tisch.|A2
stressen|estressar (alguém ou a si mesmo)|Die Arbeit stresst mich sehr.|A2
suchen (nach D)|procurar (por)|Ich suche nach meinem Handy.|A2
teilnehmen an D|participar de|Möchten Sie am Kurs teilnehmen?|A2
testen|testar|Wir müssen das neue Programm testen.|A2
tragen|carregar, usar (roupa)|Sie trägt eine schöne Kette.|A2
trennen (sich)|separar-se|Sie haben sich getrennt.|A2
trocknen|secar|Die Wäsche trocknet schnell in der Sonne.|A2
träumen von D|sonhar com|Ich träume von einem Urlaub.|A2
treffen|encontrar, acertar|Wir treffen uns um 8 Uhr.|A2
treten|pisar, chutar, entrar (formal)|Er tritt die Tür auf.|A2
umtauschen|trocar (dinheiro, mercadoria)|Ich möchte Euro in Dollar umtauschen.|A2
umziehen|mudar-se (de residência), trocar de roupa|Wir sind letztes Jahr umgezogen.|A2
vergessen|esquecer|Ich habe meinen Schlüssel vergessen.|A2
verheiraten|casar (alguém), estar casado (com sein)|Sie ist verheiratet.|A2
verändern|mudar, alterar|Das Leben verändert sich schnell.|A2
verkaufen|vender|Ich möchte mein altes Auto verkaufen.|A2
verliebt sein in A|estar apaixonado por|Er ist in sie verliebt.|A2
verloben (sich)|noivar-se|Sie haben sich verlobt.|A2
verlieren|perder|Ich habe meinen Schlüssel verloren.|A2
verpassen|perder (oportunidade, transporte)|Ich habe den Bus verpasst.|A2
versprechen|prometer|Ich verspreche es dir.|A2
versuchen|tentar|Ich werde es versuchen.|A2
ablegen|prestar, fazer (exame)|Er muss eine Prüfung ablegen.|B1
ablehnen|recusar, rejeitar|Sie hat mein Angebot abgelehnt.|B1
abschalten|desligar, relaxar|Ich muss nach der Arbeit abschalten.|B1
abschließen|fechar com chave, concluir|Vergiss nicht, die Tür abzuschließen.|B1
absagen|cancelar|Wir müssen den Termin absagen.|B1
absolvieren|concluir, cursar|Sie hat ihr Studium erfolgreich absolviert.|B1
abstimmen|votar, coordenar|Wir müssen über den Vorschlag abstimmen.|B1
abteilen|dividir, separar|Man kann den Raum abteilen.|B1
abtrocknen|secar (louça, corpo)|Bitte trockne das Geschirr ab.|B1
abwarten|aguardar|Wir müssen die Ergebnisse abwarten.|B1
agieren|agir, atuar|Der Schauspieler agiert sehr überzeugend.|B1
ändern|mudar, alterar|Sie sollten Ihre Meinung ändern.|B1
anerkennen|reconhecer, aceitar|Man muss seine Fehler anerkennen.|B1
anfangen|começar, iniciar|Der Film fängt um 20 Uhr an.|B1
anhaben|vestir, ter (algo vestido)|Sie hat ein schönes Kleid an.|B1
anhalten|parar (veículo), segurar|Der Bus hält an der nächsten Haltestelle.|B1
annehmen|aceitar, supor|Ich nehme an, du hast Hunger.|B1
anprobieren|experimentar (roupa)|Möchten Sie diese Hose anprobieren?|B1
anstellen|ligar (aparelho), colocar (em fila)|Bitte stell den Fernseher an.|B1
anstreben|almejar, aspirar a|Sie strebt eine Karriere als Ärztin an.|B1
aufgeben|desistir, postar, entregar|Ich gebe nicht auf!|B1
aufheben|guardar, levantar, cancelar|Heb bitte den Stift auf.|B1
auflegen|desligar (telefone), colocar|Er hat einfach aufgelegt.|B1
aufnehmen|gravar, acolher, absorver|Wir nehmen ein Lied auf.|B1
ausbilden|formar, treinar|Die Firma bildet neue Mitarbeiter aus.|B1
auspacken|desempacotar|Ich muss noch meine Koffer auspacken.|B1
ausreichen|ser suficiente|Das Geld reicht nicht aus.|B1
ausverkaufen|esgotar (venda)|Das Konzert ist ausverkauft.|B1
beachten|observar, prestar atenção|Bitte beachten Sie die Regeln.|B1
bearbeiten|editar, processar|Ich muss diesen Text bearbeiten.|B1
bedrohen|ameaçar|Der Klimawandel bedroht unsere Zukunft.|B1
beeinflussen|influenciar|Man sollte sich nicht so leicht beeinflussen lassen.|B1
befördern|promover, transportar|Er wurde befördert.|B1
begründen|justificar, fundamentar|Können Sie Ihre Meinung begründen?|B1
beginnen mit D|começar com|Wir beginnen mit dem Unterricht.|B1
beleidigen|ofender|Er hat mich beleidigt.|B1
bemerken|notar, perceber|Ich habe seinen Fehler bemerkt.|B1
beraten|aconselhar|Der Experte berät uns.|B1
berufen|nomear, invocar|Er wurde in den Vorstand berufen.|B1
berühren|tocar, sentir|Man darf die Kunstwerke nicht berühren.|B1
beschäftigen (sich mit D)|ocupar-se com|Ich beschäftige mich mit Sport.|B1
beschließen|decidir, resolver|Wir haben beschlossen, umzuziehen.|B1
bestehen aus D|consistir em, ser composto de|Das Team besteht aus fünf Personen.|B1
bestimmen|determinar, definir|Du bestimmst, was wir machen.|B1
beten|orar, rezar|Sie betet jeden Abend.|B1
betreuen|cuidar, supervisionar|Sie betreut alte Menschen.|B1
bewegen (sich)|mover-se, exercitar-se|Man sollte sich regelmäßig bewegen.|B1
bewirken|causar, provocar, efetuar|Seine Worte haben viel bewirkt.|B1
bieten|oferecer|Das Restaurant bietet viele Gerichte.|B1
bilden|formar, construir|Der Schnee bildet eine dicke Schicht.|B1
blocken|bloquear|Der Torwart konnte den Ball blocken.|B1
blühen|florir|Die Blumen blühen im Frühling.|B1
brechen|quebrar, vomitar|Er hat sich das Bein gebrochen.|B1
brennen|queimar, arder|Das Feuer brennt.|B1
bürsten|escovar|Sie bürstet ihr Haar.|B1
dämpfen|abafar, cozinhar no vapor|Das Gemüse wird gedämpft.|B1
dauern|durar|Wie lange dauert der Flug?|B1
dienen|servir|Dieses Werkzeug dient zum Öffnen von Flaschen.|B1
drehen|girar, virar|Dreh dich bitte um.|B1
drücken|apertar, empurrar|Drück den Knopf.|B1
duzen|tratar por du (você informal)|Wir duzen uns hier in der Firma.|B1
durchfallen durch A|reprovar, falhar em (exame)|Er ist durch die Prüfung gefallen.|B1
durchsagen|anunciar, comunicar por alto-falante|Die Ankunftszeit wurde durchgesagt.|B1
ehelichen|casar-se com (arcaico, formal)|Er ehelichte seine Jugendliebe.|B1
eilen|apressar-se, ter pressa|Ich muss eilen, sonst komme ich zu spät.|B1
einfallen|ocorrer, vir à mente|Mir ist eine gute Idee eingefallen.|B1
einfrieren|congelar|Man kann Brot einfrieren.|B1
einführen|introduzir, importar|Dieses neue Produkt wird im Herbst eingeführt.|B1
einpacken|empacotar, embrulhar|Ich muss noch meine Geschenke einpacken.|B1
einreichen|apresentar, submeter|Bitte reichen Sie die Unterlagen bis Freitag ein.|B1
einrichten|mobiliar, organizar, instalar|Wir richten gerade unsere neue Wohnung ein.|B1
einschreiben|matricular-se, registrar|Sie möchte sich für den Kurs einschreiben.|B1
einschenken|servir (bebida)|Soll ich dir noch einen Wein einschenken?|B1
einstellen|contratar, ajustar, parar|Die Firma stellt neue Mitarbeiter ein.|B1
eintreten in A|entrar em (organização, partido)|Er ist in den Verein eingetreten.|B1
einwandern|imigrar|Viele Menschen wandern nach Deutschland ein.|B1
einwerfen|jogar (carta em caixa de correio), inserir (moeda)|Bitte werfen Sie den Brief in den Briefkasten ein.|B1
ermöglichen|possibilitar|Technologie ermöglicht uns vieles.|B1
ernähren (sich)|alimentar-se|Man sollte sich gesund ernähren.|B1
erreichen|alcançar, conseguir, chegar|Ich konnte ihn telefonisch nicht erreichen.|B1
erschweren|dificultar|Der Regen erschwert die Fahrt.|B1
erziehen|educar|Sie erzieht ihre Kinder liebevoll.|B1
erzielen|alcançar, obter (resultado, meta)|Er hat ein gutes Ergebnis erzielt.|B1
exisitieren|existir|Viele alte Traditionen existieren noch.|B1
fällen|derrubar (árvore), julgar|Der Förster muss Bäume fällen.|B1
fangen|pegar, capturar|Der Hund fängt den Ball.|B1
fassen|pegar, segurar, compreender|Ich kann es nicht fassen!|B1
festlegen|fixar, determinar|Wir müssen den Termin festlegen.|B1
festnehmen|prender, deter|Die Polizei hat den Dieb festgenommen.|B1
feststellen|constatar, verificar|Er stellte fest, dass die Tür offen war.|B1
filmen|filmar|Sie filmen eine Dokumentation.|B1
fischen|pescar|Wir fischen im Fluss.|B1
fließen|fluir, correr (água)|Das Wasser fließt schnell.|B1
folgen|seguir|Folgen Sie mir bitte!|B1
fördern|promover, apoiar, extrair|Die Regierung fördert kleine Unternehmen.|B1
fordern|exigir, reivindicar|Die Arbeiter fordern höhere Löhne.|B1
fotografieren|fotografar|Sie fotografiert gern Landschaften.|B1
frittieren|fritar (em óleo quente)|Pommes frites werden frittiert.|B1
füllen|encher|Bitte füllen Sie das Glas mit Wasser.|B1
garen|cozinhar (em geral, até o ponto certo)|Das Fleisch muss noch garen.|B1
gebrauchen|usar, utilizar (formal, antiquado)|Man kann dieses alte Gerät noch gebrauchen.|B1
geschehen|acontecer, ocorrer|Was ist geschehen?|B1
gewöhnen (sich an A)|acostumar-se a|Ich muss mich an das neue Wetter gewöhnen.|B1
gießen|regar, derramar, fundir|Bitte gieß die Blumen.|B1
gründen|fundar, estabelecer|Sie haben ein neues Unternehmen gegründet.|B1
halbieren (sich)|dividir-se pela metade, reduzir-se pela metade|Die Zahl der Teilnehmer hat sich halbiert.|B1
handeln|agir, negociar, lidar com|Man muss schnell handeln.|B1
heben|levantar|Er hebt das Paket hoch.|B1
herausfordern|desafiar|Diese Aufgabe fordert mich heraus.|B1
herstellen|produzir, fabricar|Diese Firma stellt Autos her.|B1
hinlegen|deitar-se|Ich muss mich kurz hinlegen.|B1
hinsetzen|sentar-se|Setz dich bitte hierhin.|B1
hungern|passar fome|Viele Menschen hungern in dieser Region.|B1
informieren (sich bei D über A)|informar-se com (alguém) sobre (algo)|Ich muss mich bei ihm über den Kurs informieren.|B1
installieren|instalar|Wir müssen die neue Software installieren.|B1
internationalisieren|internacionalizar|Das Unternehmen möchte seine Produkte internationalisieren.|B1
isolieren (sich von D)|isolar-se de|Manchmal möchte ich mich von allen isolieren.|B1
kämmen|pentear|Sie kämmt sich jeden Morgen die Haare.|B1
kämpfen|lutar, combater|Sie kämpfen für ihre Rechte.|B1
kürzen|encurtar, reduzir|Man muss den Text kürzen.|B1
kündigen|demitir, rescindir, renunciar|Er hat seine Wohnung gekündigt.|B1
lecken an D|lamber|Der Hund leckt an seiner Pfote.|B1
leiden an A / unter D|sofrer de (doença) / sofrer com (situação)|Sie leidet an einer Erkältung.|B1
leisten|realizar, proporcionar|Er leistet gute Arbeit.|B1
leiten|liderar, dirigir, conduzir|Sie leitet ein großes Team.|B1
lehren|ensinar|Er lehrt Englisch an der Universität.|B1
loben|elogiar|Die Lehrerin lobt die Schüler.|B1
lohnen (sich)|valer a pena|Es lohnt sich, früh aufzustehen.|B1
lügen|mentir|Du sollst nicht lügen.|B1
managen|gerenciar|Sie managt ein internationales Projekt.|B1
melden|avisar, reportar, registrar|Bitte melden Sie sich am Empfang.|B1
mieten|alugar|Wir möchten ein Auto mieten.|B1
mobilisieren|mobilizar|Die neue Kampagne soll die Wähler mobilisieren.|B1
modernisieren|modernizar|Die alte Küche wird modernisiert.|B1
möblieren|mobiliar|Die Wohnung ist komplett möbliert.|B1
nachdenken über A|pensar sobre|Ich muss über dein Angebot nachdenken.|B1
nachfüllen|reabastecer, recarregar|Kannst du bitte den Drucker nachfüllen?|B1
nutzen|usar, aproveitar|Nutzen Sie die Gelegenheit!|B1
öffnen|abrir|Das Geschäft öffnet um 9 Uhr.|B1
pfeifen|assobiar|Er pfeift ein Lied.|B1
pflanzen|plantar|Wir pflanzen Bäume im Garten.|B1
pflücken|colher (flores, frutas)|Die Kinder pflücken Blumen.|B1
philosophieren|filosofar|Sie sitzen oft zusammen und philosophieren über das Leben.|B1
prämieren|premiar|Der beste Film wurde prämiert.|B1
rechnen|calcular, contar|Kannst du schnell rechnen?|B1
reduzieren|reduzir|Wir müssen den Müll reduzieren.|B1
regelmäßig|regularmente (usado como advérbio, mas pode implicar ação regular)|Man sollte regelmäßig Sport treiben.|B1
reinigen|limpar, purificar|Die Kleidung muss gereinigt werden.|B1
reklamieren|reclamar|Ich möchte diese Ware reklamieren.|B1
retten|salvar|Die Feuerwehr konnte das Kind retten.|B1
riskieren|arriscar|Er riskiert alles für seinen Traum.|B1
rollen|rolar|Der Ball rollt den Hügel hinunter.|B1
sagen|dizer|Was hast du gesagt?|B1
salzen|salgar|Bitte salzen Sie das Essen.|B1
schaffen|conseguir, criar, dar conta|Ich schaffe das!|B1
schätzen|estimar, valorizar|Ich schätze deine Hilfe sehr.|B1
scheinen|brilhar, parecer|Die Sonne scheint heute.|B1
schieben|empurrar, deslizar|Schieb den Stuhl näher heran.|B1
schlimm|ruim, grave (usado com sein)|Das ist nicht so schlimm.|B1
abdrängen|forçar para fora, empurrar|Das Auto wurde von der Straße abgedrängt.|B2
abfahren|partir (veículo), desviar|Der Zug ist pünktlich abgefahren.|B2
abheben|sacar (dinheiro), decolar|Ich möchte Geld vom Konto abheben.|B2
abhören|interceptar, escutar clandestinamente|Der Geheimdienst hat seine Telefongespräche abgehört.|B2
ablösen von D|substituir, descolar-se de|Der neue Chef löst den alten ab.|B2
abschleppen|remover (veículo), rebocar|Mein Auto wurde abgeschleppt.|B2
abschneiden|cortar, obter (resultado)|Er hat bei der Prüfung gut abgeschnitten.|B2
absichern|garantir, proteger|Man muss die Baustelle absichern.|B2
abteilen|dividir, separar|Der Raum kann abgeteilt werden.|B2
anfahren|atropelar (com veículo), iniciar a marcha|Der Busfahrer hat eine Person angefahren.|B2
angeben|informar, indicar, vangloriar-se|Bitte geben Sie Ihre Daten an.|B2
anführen|liderar, citar|Er führte die Gruppe an.|B2
anhaltend|persistente (usado como advérbio)|Der Regen hält anhaltend an.|B2
ankurbeln|impulsionar, estimular|Die Wirtschaft muss angekurbelt werden.|B2
anschnallen|afivelar (cinto de segurança)|Bitte schnallen Sie sich an.|B2
anstauen|represar, acumular|Das Wasser wird angestaut.|B2
anweisen|instruir, designar|Er wurde angewiesen, die Arbeit zu erledigen.|B2
ausbauen|expandir, aprimorar, desmontar|Wir wollen unser Geschäft ausbauen.|B2
ausfallen|ser cancelado, cair (cabelo), faltar|Der Unterricht ist heute ausgefallen.|B2
ausstatten mit D|equipar com|Das Zimmer ist mit modernen Möbeln ausgestattet.|B2
aussterben|extinguir-se|Viele Tierarten sterben aus.|B2
ausstoßen|emitir, expelir|Fabriken stoßen viel CO2 aus.|B2
ausweiten (sich)|expandir-se, alargar-se|Der Konflikt könnte sich ausweiten.|B2
bearbeiten|processar, editar|Ich muss das Dokument bearbeiten.|B2
beanspruchen|reivindicar, exigir, sobrecarregar|Die Arbeit beansprucht viel Zeit.|B2
befahren|trafegar, navegar (por);|Dieses Gebiet darf nicht befahren werden.|B2
befördern|promover, transportar|Er wurde zum Abteilungsleiter befördert.|B2
befürchten|temer, recear|Ich befürchte das Schlimmste.|B2
begreifen|compreender, entender|Ich begreife das Problem nicht.|B2
bekennen (sich)|confessar, declarar-se|Er hat sich zu seiner Schuld bekannt.|B2
belasten|onerar, carregar, poluir|Der Verkehr belastet die Umwelt.|B2
belästigen|incomodar, assediar|Er hat sie belästigt.|B2
benötigen|necessitar, precisar|Wir benötigen mehr Informationen.|B2
benoten|dar nota, classificar|Der Lehrer benotet die Schüler.|B2
bergen|esconder, conter, resgatar|Die Truhe birgt einen Schatz.|B2
besetzen|ocupar, preencher (cargo);|Die Stelle ist bereits besetzt.|B2
beseitigen|eliminar, remover|Man muss das Problem beseitigen.|B2
bestätigen|confirmar, comprovar|Bitte bestätigen Sie den Empfang der E-Mail.|B2
betätigen (sich)|ativar-se, exercer (atividade);|Er betätigt sich politisch.|B2
betreiben|operar, praticar, exercer|Er betreibt ein kleines Geschäft.|B2
betten|colocar na cama, encaixar|Sie bettete das Baby sanft in sein Bett.|B2
bewahren|preservar, guardar|Man muss die Natur bewahren.|B2
bewerten|avaliar, julgar|Der Professor bewertet die Arbeiten.|B2
bewilligen|conceder, autorizar|Der Antrag wurde bewilligt.|B2
binden|amarrar, ligar, unir|Er bindet seine Schuhe.|B2
blasen|soprar|Der Wind bläst stark.|B2
blitzen|relampejar, piscar (radar)|Es blitzt am Himmel.|B2
blockieren|bloquear|Die Straße ist blockiert.|B2
brauen|fabricar (cerveja), preparar (tempestade)|Er braut sein eigenes Bier.|B2
cremen|aplicar creme|Sie cremt sich jeden Morgen ein.|B2
dämpfen|amortecer, abafar, cozinhar a vapor|Der Vorhang dämpft das Licht.|B2
decken|cobrir, pôr a mesa|Sie deckt den Tisch für das Abendessen.|B2
durchführen|realizar, executar|Wir werden eine Umfrage durchführen.|B2
durchlaufen|atravessar correndo, percorrer, passar por|Er hat eine harte Schule durchlaufen.|B2
eingehen auf A|aceitar, atender (a), responder (a)|Er geht auf ihre Wünsche ein.|B2
eingreifen in A|intervir em|Die Regierung muss eingreifen.|B2
einschätzen|estimar, avaliar|Ich kann die Situation nicht einschätzen.|B2
einschulen|matricular (criança) na escola|Die Kinder werden im Herbst eingeschult.|B2
einwirken auf A|influenciar, agir sobre|Das Medikament wirkt auf den Körper ein.|B2
enden|terminar, finalizar|Die Vorstellung endet um 22 Uhr.|B2
entbehren|não ter, carecer de|Die Geschichte entbehrt jeder Logik.|B2
entgegenwirken|contra-agir, combater|Man muss den Problemen entgegenwirken.|B2
entwerten|invalidar, desvalorizar|Bitte entwerten Sie Ihre Fahrkarte.|B2
erfordern|exigir, requerer|Diese Aufgabe erfordert viel Geduld.|B2
ergeben|resultar, produzir, render-se|Das Experiment ergab interessante Ergebnisse.|B2
ergreifen|agarrar, tomar (medidas);|Die Regierung ergriff Maßnahmen gegen die Krise.|B2
erhalten|manter, receber, obter|Ich habe eine E-Mail erhalten.|B2
erlassen|promulgar (lei), perdoar|Das Parlament hat ein neues Gesetz erlassen.|B2
erneuern|renovar|Wir müssen die alte Heizung erneuern.|B2
erwerben|adquirir, obter|Er hat sich neue Sprachkenntnisse erworben.|B2
erwirtschaften|gerar (lucro), produzir|Das Unternehmen erwirtschaftete einen hohen Gewinn.|B2
erzeugen|produzir, gerar|Dieses Kraftwerk erzeugt Strom.|B2
fasen|fazer chanfro, biselar (termo técnico)|Die Kante muss noch gefast werden.|B2
färben|tingir, colorir|Sie lässt sich die Haare färben.|B2
fetten|engraxar, lubrificar|Man muss die Kette fetten.|B2
festlegen|fixar, determinar|Der Termin wurde festgelegt.|B2
festhalten|segurar firmemente, registrar|Halten Sie sich gut fest!|B2
filtern|filtrar|Das Wasser muss gefiltert werden.|B2
florieren|florescer, prosperar|Das Geschäft floriert gut.|B2
formen|moldar, formar|Der Künstler formt eine Skulptur aus Ton.|B2
fortbilden (sich)|aperfeiçoar-se, fazer formação continuada|Er bildet sich ständig fort.|B2
fortschreiten|progredir, avançar|Die Forschung schreitet schnell fort.|B2
fressen|comer (para animais), devorar|Der Hund frisst sein Futter.|B2
führen|conduzir, liderar|Sie führt das Unternehmen erfolgreich.|B2
funken|emitir faíscas, transmitir por rádio|Der Funke funkelt im Dunkeln.|B2
fußen auf D|basear-se em|Seine Theorie fußt auf vielen Experimenten.|B2
füttern|alimentar|Wir müssen die Tiere füttern.|B2
gebären|dar à luz|Sie hat ein gesundes Kind geboren.|B2
gebieten|ordenar, exigir|Die Situation gebietet schnelles Handeln.|B2
gebühren|ser devido, caber (a)|Es gebührt ihm Respekt.|B2
gelingen|ter sucesso, conseguir|Das Experiment ist gelungen.|B2
genehmigen|aprovar, autorizar|Der Antrag wurde genehmigt.|B2
geraten|cair, parar em, entrar em (situação)|Er ist in Schwierigkeiten geraten.|B2
gestalten|dar forma, criar, organizar|Wir gestalten unsere Zukunft selbst.|B2
gewährleisten|garantir|Der Staat muss die Sicherheit gewährleisten.|B2
gewinnen|ganhar, obter|Wir müssen das Spiel gewinnen.|B2
grasen|pastar|Die Kühe grasen auf der Wiese.|B2
greifen zu D|recorrer a, usar (algo);|Er greift zu drastischen Maßnahmen.|B2
großziehen|criar (filhos), educar|Sie hat ihre Kinder allein großgezogen.|B2
haushalten|gerenciar o orçamento, economizar|Man muss gut haushalten, um Geld zu sparen.|B2
hauen|bater, golpear|Er hat mit dem Hammer auf den Nagel gehauen.|B2
heilen|curar|Der Arzt konnte die Wunde heilen.|B2
hervorrufen|provocar, causar|Das Ereignis rief große Freude hervor.|B2
knien|ajoelhar-se|Er kniete nieder, um zu beten.|B2
kompostieren|compostar|Wir kompostieren unsere Bioabfälle.|B2
konfektionieren|confeccionar, montar|Die Kleider werden hier konfektioniert.|B2
konsumieren|consumir|Die Bevölkerung konsumiert viel Zucker.|B2
ketten|acorrentar|Der Hund ist angekettet.|B2
kleiden|vestir, adequar-se (roupa)|Diese Farbe kleidet dich gut.|B2
klatschen|aplaudir, fofocar|Das Publikum klatschte laut.|B2
lärmen|fazer barulho|Die Kinder lärmen im Garten.|B2
legalisieren|legalizar|Die Regierung will das Gesetz legalisieren.|B2
liefern|entregar, fornecer|Die Firma liefert die Waren am Dienstag.|B2
listen|listar, enumerar|Bitte listen Sie alle Punkte auf.|B2
münzen auf A|mirar em, visar (algo);|Die Bemerkung war auf mich gemünzt.|B2
nachgehen|investigar, seguir (uma atividade);|Die Polizei geht einem Hinweis nach.|B2
nachweisen|comprovar, provar|Er konnte seine Unschuld nachweisen.|B2
niederlegen|depor, renunciar, deitar (algo)|Der Präsident hat sein Amt niedergelegt.|B2
obliegen|caber a, ser da responsabilidade de|Diese Aufgabe obliegt dem Teamleiter.|B2
pflegen|cuidar, cultivar|Sie pflegt ihre Großmutter.|B2
pilgern|peregrinar|Viele Menschen pilgern nach Santiago de Compostela.|B2
platzen|estourar, rebentar|Der Ballon ist geplatzt.|B2
plakatieren|colar cartazes|Man darf hier keine Plakate plakatieren.|B2
preisen|louvar, elogiar|Er preist die Vorzüge des neuen Produkts.|B2
pressen|pressionar, espremer|Sie presst den Saft aus den Orangen.|B2
qualifizieren (sich für A)|qualificar-se para|Sie hat sich für die Weltmeisterschaft qualifiziert.|B2
rasen|correr em alta velocidade, enfurecer-se|Das Auto rast über die Autobahn.|B2
rauschen|murmurar (água, vento), zumbir|Der Wind rauscht in den Bäumen.|B2
regen (sich)|mover-se, agitar-se (raro)|Es regt sich etwas im Gebüsch.|B2
reinigen|limpar|Die Kleidung muss gereinigt werden.|B2
ringen|lutar, espremer|Er ringt um Fassung.|B2
ruhen|descansar|Er ruht sich nach der Arbeit aus.|B2
salben|ungir, aplicar pomada|Der Apotheker salbt die Wunde.|B2
schädigen|danificar, prejudicar|Rauchen schädigt die Gesundheit.|B2
schalten|mudar (marcha), ligar/desligar|Bitte schalten Sie den Motor ein.|B2
scheren|tosquiar, barbear (arcaico), importar-se (coloquial)|Das schert mich nicht!|C1
schlucken|engolir|Er schluckt die Tablette.|B2
schmecken nach D|ter gosto de|Der Kuchen schmeckt nach Zitrone.|A2
schminken|maquiar-se|Sie schminkt sich jeden Morgen.|B1
schütteln|sacudir, tremer|Er schüttelt den Kopf.|B1
schütten|derramar, despejar|Sie schüttet Wasser in den Eimer.|B2
schwitzen|suar|Ich schwitze, weil es so heiß ist.|B1
segeln|velejar|Wir segeln auf dem See.|A2
senken|baixar, diminuir|Man muss die Kosten senken.|B1
sinnen|pensar profundamente, meditar (arcaico ou poético)|Er sinnt über seine Zukunft nach.|C1
sinken|afundar, diminuir|Die Temperaturen sind gesunken.|B1
spaßen|brincar, fazer piada|Er spaßt gerne mit seinen Freunden.|B2
spannen|esticar, tensionar|Spann den Bogen!|B2
speisen|comer (formal), jantar|Wir speisen heute Abend im Restaurant.|B2
spendieren|oferecer, custear|Er spendiert uns einen Kaffee.|B2
sperren|bloquear, fechar, proibir o acesso|Die Straße ist gesperrt.|B1
spitzen|apontar (lápis), afiar|Er spitzt seinen Bleistift.|B2
spritzen|injetar, espirrar|Der Arzt spritzt ihm ein Medikament.|B1
stammen aus D|originar-se de, provir de|Er stammt aus einer alten Familie.|B2
stauen|represar, acumular|Der Verkehr staut sich auf der Autobahn.|B2
stechen|picar, espetar|Die Biene hat mich gestochen.|B1
stehlen|roubar|Jemand hat mein Fahrrad gestohlen.|A2
steigern|aumentar, intensificar|Man muss die Produktion steigern.|A2
stecken|colocar, estar, ficar|Der Schlüssel steckt im Schloss.|A2
stellen|colocar (em pé), pôr|Stell die Flasche auf den Tisch.|A2
stocken|parar, hesitar, estagnar|Der Verkehr stockt auf der Autobahn.|B2
stoßen|empurrar, colidir, chutar (bola);|Er hat sich am Kopf gestoßen.|B2
stranden|encalhar, naufragar, ficar preso|Das Schiff ist gestrandet.|B2
streben nach D|aspirar a, esforçar-se por|Er strebt nach Perfektion.|B2
strecken|esticar|Streck deine Arme nach oben.|B1
stürzen|cair (subitamente), derrubar|Er ist die Treppe hinuntergestürzt.|B2
tasten|apertar, apalpar, tatear|Sie tastete nach dem Lichtschalter.|B2
tauchen|mergulhar|Ich tauche gerne im Meer.|B1
teilen|dividir, compartilhar|Wir teilen uns ein Zimmer.|B1
ticken|tiquetaquear, funcionar (coloquial);|Die Uhr tickt laut.|B2
töten|matar|Der Jäger tötet das Tier.|B1
tragen|carregar, vestir|Sie trägt eine Tasche.|A1
träge|preguiçoso, inerte (usado como adjetivo, mas pode implicar estado);|Er ist sehr träge geworden.|B2
trainieren|treinar|Ich trainiere dreimal pro Woche.|A2
transportieren|transportar|Die Waren werden mit dem LKW transportiert.|B1
treiben|praticar (esporte), impulsionar|Er treibt viel Sport.|A2
treu|fiel (usado como adjetivo, mas pode implicar ação);|Er ist ein treuer Freund.|A2
trocken|seco (usado como adjetivo, mas pode implicar estado);|Der Boden ist trocken.|A2
tropfen|pingar|Wasser tropft aus dem Wasserhahn.|B1
tun|fazer, pôr|Was tust du gerade?|A2
überarbeiten|revisar, reformular|Ich muss meine Präsentation überarbeiten.|B2
überholen|ultrapassar|Das Auto hat den LKW überholt.|A2
überlassen|deixar (para alguém), ceder|Ich überlasse dir die Entscheidung.|B2
übernehmen|assumir, encarregar-se|Er hat die Leitung des Projekts übernommen.|B1
übertragen|transmitir, transferir, traduzir|Das Spiel wird live übertragen.|B2
überzeugen|convencer|Er konnte sie von seiner Idee überzeugen.|B1
umfassen|abranger, incluir|Der Bericht umfasst alle wichtigen Punkte.|B2
umgehen mit D|lidar com, manusear|Sie kann gut mit Stress umgehen.|B2
umwandeln|transformar, converter|Man kann Sonnenenergie in Strom umwandeln.|B2
unternehmen|empreender, fazer (uma atividade);|Wir wollen etwas zusammen unternehmen.|B1
unterrichten|ensinar|Sie unterrichtet Deutsch an der Schule.|B1
unterstreichen|sublinhar, enfatizar|Bitte unterstreichen Sie die wichtigen Wörter.|B1
unterstützen|apoiar, sustentar|Ich unterstütze dich bei deinem Vorhaben.|B1
verabreden (sich mit D)|combinar um encontro com|Ich habe mich mit einem Freund verabredet.|B1
veranlassen|provocar, mandar (fazer algo);|Was hat diese Reaktion veranlasst?|B2
verbinden|conectar, unir, ligar (telefone);|Ich verbinde Sie mit der Zentrale.|B2
verbieten|proibir|Rauchen ist hier verboten.|B1
verbrennen|queimar, incinerar|Das Holz verbrennt im Ofen.|B1
verbessern|melhorar|Sie möchte ihre Deutschkenntnisse verbessern.|A2
verderben|estragar, mimar|Die Hitze hat das Essen verdorben.|B2
verdoppeln (sich)|duplicar, dobrar|Die Zahl der Anmeldungen hat sich verdoppelt.|B1
verfahren|proceder, agir, perder-se (no caminho);|Wie sollen wir jetzt verfahren?|B2
vergiften|envenenar|Die Chemikalien haben das Wasser vergiftet.|B2
vergrößern (sich)|aumentar, ampliar|Das Unternehmen will sich vergrößern.|B1
verhandeln|negociar|Wir müssen über den Preis verhandeln.|B2
verkehren|trafegar, frequentar (locais);|Es verkehren viele Züge auf dieser Strecke.|C1
verkleinern (sich)|diminuir, reduzir|Die Gruppe hat sich verkleinert.|B1
verlangsamen|desacelerar, retardar|Man muss den Prozess verlangsamen.|B2
verlängern|prolongar, estender|Ich möchte meinen Mietvertrag verlängern.|B1
vermieten|alugar (para outros)|Sie vermietet eine Wohnung.|A2
vermitteln|intermediar, transmitir|Er vermittelt zwischen den Parteien.|B2
verpflegen|alimentar, prover alimentação|Die Gäste wurden gut verpflegt.|B2
verringern (sich)|diminuir, reduzir|Der Lärm hat sich verringert.|B1
verrichten|executar, realizar (trabalho);|Er verrichtet seine Arbeit gewissenhaft.|B2
verseuchen|contaminar, infestar|Das Gebiet wurde verseucht.|B2
versichern|assegurar, garantir|Ich versichere Ihnen, dass alles in Ordnung ist.|B2
versorgen (mit D)|fornecer, abastecer com|Wir versorgen die Stadt mit Strom.|B2
verwalten|administrar, gerenciar|Sie verwaltet das Büro.|B2
verwandeln|transformar|Der Frosch verwandelte sich in einen Prinzen.|B2
vermeiden|evitar|Man sollte Fehler vermeiden.|B2
verzeichnen|registrar, anotar|Das Unternehmen verzeichnete hohe Gewinne.|B2
verzichten auf A|renunciar a, abrir mão de|Ich verzichte auf Zucker in meinem Kaffee.|B1
vollziehen|executar, realizar (formal)|Der Richter vollzieht das Urteil.|B2
voraussetzen|pressupor, exigir como pré-requisito|Das Studium setzt gute Englischkenntnisse voraus.|B2
vorschreiben|prescrever, determinar|Der Arzt hat mir Ruhe verschrieben.|B2
vorsorgen|prevenir, tomar precauções|Man sollte für das Alter vorsorgen.|B2
wagen|ousar, atrever-se|Er wagte einen Sprung ins kalte Wasser.|B2
wandeln|transformar, mudar|Die Landschaft wandelt sich im Herbst.|B2
warten auf A|esperar por|Ich warte auf dich.|A2
wecken|acordar (alguém);|Kannst du mich morgen früh wecken?|A2
weinen|chorar|Das Baby weint.|A2
weisen|apontar, indicar|Er weist auf das Schild.|B2
werben|anunciar, recrutar|Die Firma wirbt für ihre Produkte.|B1
werken|trabalhar, fazer trabalhos manuais|Er werkt gerne in seiner Werkstatt.|B2
werten|avaliar, valorizar|Der Coach wertet die Leistung der Spieler.|B2
wetten|apostar|Ich wette, dass es regnen wird.|B2
winken|acenar|Sie winkt mir zum Abschied.|B1
wischen|limpar (com pano), esfregar|Wisch bitte den Tisch ab.|B2
wissen|saber|Ich weiß die Antwort nicht.|A1
wünschen (sich)|desejar, querer|Ich wünsche mir ein neues Buch.|A2
zählen|contar|Die Kinder zählen ihre Spielsachen.|A2
zielen|mirar, ter como objetivo|Er zielt auf die Zielscheibe.|B2
ziehen|puxar, mudar (de roupa/lugar), arrastar|Zieh die Tür zu!|B1
zubereiten|preparar (comida)|Sie bereitet ein leckeres Essen zu.|B1
zuhören|escutar (com atenção)|Bitte hör mir zu!|A2
zumachen|fechar|Kannst du bitte das Fenster zumachen?|A1
zurechtkommen|lidar com, dar conta de|Ich komme mit der Situation zurecht.|B2
zureichend|suficiente (usado como adjetivo, mas pode implicar estar disponível);|Die Informationen sind nicht zureichend.|C2
zusammenbrechen|colapsar, desabar|Das alte Gebäude ist zusammengebrochen.|B2
zusammenfassen|resumir|Fassen Sie die wichtigsten Punkte zusammen.|B1
zusammenhängen mit D|estar relacionado com|Das Problem hängt mit dem Wetter zusammen.|B2
zusammenleben mit D|viver junto com|Sie leben seit Jahren zusammen.|B1
zusammenstoßen mit D|colidir com|Das Auto ist mit einem Baum zusammengestoßen.|B1
zustellen|entregar (correspondência);|Der Postbote stellt die Briefe zu.|B2
zuzahlen|coparticipar, pagar uma parte|Patienten müssen einen Teil der Kosten zuzahlen.|B2
zweit|segundo (usado como numeral, mas pode implicar ordem);|Er ist der Zweite im Rennen.|B1
zwecken|servir para (um propósito);|Wozu zweckt dieses Werkzeug?|C1

